ISO timestamp of the import (UTC),Report date extracted from filename,Region/market from filename,Page URL,Traffic share (%),Number of ranking keywords,Estimated organic traffic,Adwords positions,Positions with commercial intents in top 20,Positions with informational intents in top 20,Positions with navigational intents in top 20,Positions with transactional intents in top 20,Positions with unknown intents in top 20,Traffic with commercial intents in top 20,Traffic with informational intents in top 20,Traffic with navigational intents in top 20,Traffic with transactional intents in top 20,Traffic with unknown intents in top 20,Traffic change
target: n/a,target: n/a,target: n/a,target: n/a,target: n/a,target: n/a,target: n/a,target: n/a,target: n/a,target: n/a,target: n/a,target: n/a,target: n/a,target: n/a,target: n/a,target: n/a,target: n/a,target: n/a,target: n/a
timestamp_iso,report_date,region,url,traffic_pct,keywords,traffic,adwords_positions,positions_commercial_top20,positions_informational_top20,positions_navigational_top20,positions_transactional_top20,positions_unknown_top20,traffic_commercial_top20,traffic_informational_top20,traffic_navigational_top20,traffic_transactional_top20,traffic_unknown_top20,traffic_change
2026-02-10T00:47:35.397Z,2026-02-08,US,https://www.edgenyc.com/,72.29,22447,134993,0,489,1017,301,274,0,7466,54675,85788,20134,0,-19718
2026-02-10T00:47:35.397Z,2026-02-08,US,https://www.edgenyc.com/city-climb/,2.07,650,3870,0,46,198,17,59,0,126,3738,3,351,0,-3594
2026-02-10T00:47:35.397Z,2026-02-08,US,https://www.edgenyc.com/discover-edge/,0.03,226,73,0,3,54,8,15,0,0,73,0,27,0,-3096
2026-02-10T00:47:35.397Z,2026-02-08,US,https://www.edgenyc.com/get-tickets/,15.73,8658,29381,0,142,512,175,297,0,5143,20565,4990,7116,0,2104
2026-02-10T00:47:35.397Z,2026-02-08,US,https://www.edgenyc.com/things-to-do/eat-drink/,1.1,1718,2062,0,302,173,146,61,0,1257,502,291,146,0,-992
2026-02-10T00:47:35.397Z,2026-02-08,US,https://www.edgenyc.com/advance-saver-ticket/,1.05,206,1975,0,18,102,45,92,0,188,1137,598,589,0,978
2026-02-10T00:47:35.397Z,2026-02-08,US,https://www.edgenyc.com/visit/getting-here/,0.61,220,1151,0,23,90,29,45,0,20,278,820,193,0,793
2026-02-10T00:47:35.397Z,2026-02-08,US,https://www.edgenyc.com/visit/,0.19,504,365,0,22,162,46,97,0,20,307,20,47,0,-543
2026-02-10T00:47:35.397Z,2026-02-08,US,https://www.edgenyc.com/news/edge-nyc-your-guide-to-the-best-views-in-nyc/,0.31,92,579,0,5,54,19,22,0,22,555,22,190,0,539
2026-02-10T00:47:35.397Z,2026-02-08,US,https://www.edgenyc.com/cityclimb,0.34,24,645,0,15,9,0,4,0,463,155,0,31,0,-488
2026-02-10T00:47:35.397Z,2026-02-08,US,https://www.edgenyc.com/faqs/,0.12,342,230,0,15,108,24,44,0,21,195,19,43,0,-475
2026-02-10T00:47:35.397Z,2026-02-08,US,https://www.edgenyc.com/marquee-skydeck/,2.03,783,3792,0,112,274,21,73,0,337,3512,104,659,0,421
2026-02-10T00:47:35.397Z,2026-02-08,US,https://www.edgenyc.com/news/top-indoor-activities-for-a-winter-day-in-nyc/,0.08,139,155,0,52,38,0,0,0,126,61,0,0,0,-285
2026-02-10T00:47:35.397Z,2026-02-08,US,https://www.edgenyc.com/events/marquee-skydeck/,0.51,250,970,0,17,114,24,30,0,23,909,352,69,0,272
2026-02-10T00:47:35.397Z,2026-02-08,US,https://www.edgenyc.com/general-admission-ticket/,0.14,70,267,0,3,18,9,13,0,9,249,43,51,0,266
2026-02-10T00:47:35.397Z,2026-02-08,US,https://www.edgenyc.com/museum-of-ice-cream/,0.13,61,253,0,4,29,26,13,0,4,182,125,116,0,253
2026-02-10T00:47:35.397Z,2026-02-08,US,https://www.edgenyc.com/things-to-do/visit-hudson-yards/,0.19,517,355,0,93,66,76,26,0,13,93,324,3,0,-151
2026-02-10T00:47:35.397Z,2026-02-08,US,https://www.edgenyc.com/offers-discounts/,0.22,243,416,0,5,75,23,66,0,56,328,9,154,0,-135
2026-02-10T00:47:35.397Z,2026-02-08,US,https://www.edgenyc.com/things-to-do/events-calendar/,0.25,2065,476,0,117,288,19,21,0,13,413,2,3,0,-117
2026-02-10T00:47:35.397Z,2026-02-08,US,https://www.edgenyc.com/events/sky-high-yoga/,0.44,329,838,0,43,47,23,19,0,200,641,6,216,0,-116
2026-02-10T00:47:35.397Z,2026-02-08,US,https://www.edgenyc.com/museum-of-ice-cream-pinkmas/,0.03,109,74,0,6,33,23,4,0,3,73,1,0,0,-115
2026-02-10T00:47:35.397Z,2026-02-08,US,https://www.edgenyc.com/events/new-years-eve-at-edge/,0.1,835,189,0,76,178,1,20,0,30,180,0,6,0,100
2026-02-10T00:47:35.397Z,2026-02-08,US,https://www.edgenyc.com/events/candlelight-concerts/,0.23,223,447,0,48,98,4,23,0,190,271,1,165,0,-97
2026-02-10T00:47:35.397Z,2026-02-08,US,https://www.edgenyc.com/events/riordan-at-marquee-skydeck/,0.01,72,30,0,1,20,0,8,0,5,25,0,24,0,-94
2026-02-10T00:47:35.397Z,2026-02-08,US,https://www.edgenyc.com/events/marquee-skydeck-gryffin/,0,8,6,0,0,3,0,0,0,0,6,0,0,0,-93
2026-02-10T00:47:35.397Z,2026-02-08,US,https://www.edgenyc.com/general-admission-ticket-edge/,0,63,13,0,1,23,18,30,0,0,3,10,11,0,-84
2026-02-10T00:47:35.397Z,2026-02-08,US,https://www.edgenyc.com/news/winter-date-ideas-nyc/,0.07,78,137,0,5,32,0,0,0,21,129,0,0,0,-67
2026-02-10T00:47:35.397Z,2026-02-08,US,https://www.edgenyc.com/events/marquee-skydeck-chris-lorenzo/,0,19,2,0,0,2,0,1,0,0,1,0,0,0,-63
2026-02-10T00:47:35.397Z,2026-02-08,US,https://www.edgenyc.com/news/group-birthday-ideas-nyc/,0.01,171,33,0,25,21,2,0,0,18,16,0,0,0,-61
2026-02-10T00:47:35.397Z,2026-02-08,US,https://www.edgenyc.com/things-to-do/,0.04,465,89,0,22,66,20,22,0,12,29,26,9,0,59
2026-02-10T00:47:35.397Z,2026-02-08,US,https://www.edgenyc.com/de/,0.02,1,56,0,0,1,1,0,0,0,56,56,0,0,55
2026-02-10T00:47:35.397Z,2026-02-08,US,https://www.edgenyc.com/visit/private-events/,0.01,350,23,0,33,29,12,19,0,3,2,8,9,0,-49
2026-02-10T00:47:35.397Z,2026-02-08,US,https://www.edgenyc.com/visit/passes/,0.04,268,90,0,20,69,10,26,0,15,55,22,27,0,-35
2026-02-10T00:47:35.397Z,2026-02-08,US,https://www.edgenyc.com/events/marquee-skydeck-risque/,0,58,13,0,0,18,2,5,0,0,11,1,0,0,-34
2026-02-10T00:47:35.397Z,2026-02-08,US,https://www.edgenyc.com/terms-conditions/,0,30,10,0,2,12,4,7,0,0,10,0,1,0,-30
2026-02-10T00:47:35.397Z,2026-02-08,US,https://www.edgenyc.com/news/winter-activities-in-nyc-with-kids-family-friendly-fun-for-cold-days/,0.03,161,67,0,43,65,1,0,0,16,67,0,0,0,-30
2026-02-10T00:47:35.397Z,2026-02-08,US,https://www.edgenyc.com/news/iconic-moments-at-edge-jlo-and-malumas-pa-ti-music-video/,0.01,13,32,0,0,7,1,1,0,0,32,28,4,0,28
2026-02-10T00:47:35.397Z,2026-02-08,US,https://www.edgenyc.com/visit/getting-here/edge-menu/,0.5,217,951,0,42,26,12,12,0,104,842,3,258,0,-27
2026-02-10T00:47:35.397Z,2026-02-08,US,https://www.edgenyc.com/de/news/celebrate-st-patricks-day-at-edge-nyc/,0,0,0,0,0,0,0,0,0,0,0,0,0,0,-26
2026-02-10T00:47:35.397Z,2026-02-08,US,https://www.edgenyc.com/events/backyard-at-hudson-yards/,0.01,17,37,0,1,12,1,6,0,1,36,0,29,0,26
2026-02-10T00:47:35.397Z,2026-02-08,US,https://www.edgenyc.com/tickets/candlelight-concert-series/,0.01,30,26,0,3,4,0,4,0,0,21,0,21,0,24
2026-02-10T00:47:35.397Z,2026-02-08,US,https://www.edgenyc.com/news/best-places-for-cocktails-with-a-view-in-nyc/,0.03,132,68,0,25,28,12,14,0,55,11,2,6,0,24
2026-02-10T00:47:35.397Z,2026-02-08,US,https://www.edgenyc.com/black-friday-savings-edge/,0,29,1,0,0,5,0,0,0,0,1,0,0,0,-22
2026-02-10T00:47:35.397Z,2026-02-08,US,https://www.edgenyc.com/tickets/sky-high-yoga/,0.07,24,147,0,2,16,0,4,0,13,134,0,6,0,22
2026-02-10T00:47:35.397Z,2026-02-08,US,https://www.edgenyc.com/visit/getting-here/sky-assurance-weather-guarantee/,0.01,9,34,0,1,3,3,0,0,1,22,12,0,0,21
2026-02-10T00:47:35.397Z,2026-02-08,US,https://www.edgenyc.com/events/the-rock-roll-playhouse/,0.01,38,27,0,1,12,2,5,0,0,27,0,22,0,20
2026-02-10T00:47:35.397Z,2026-02-08,US,https://www.edgenyc.com/student-discount-at-edge/,0,29,17,0,1,13,0,1,0,0,17,0,0,0,17
2026-02-10T00:47:35.397Z,2026-02-08,US,https://www.edgenyc.com/contact-us/,0.01,25,30,0,5,7,1,2,0,2,28,0,16,0,17
2026-02-10T00:47:35.397Z,2026-02-08,US,https://www.edgenyc.com/web-only-offer/,0,33,16,0,0,17,5,20,0,0,11,0,13,0,16
2026-02-10T00:47:35.397Z,2026-02-08,US,https://www.edgenyc.com/events/marqruee-skydeck-two-friends/,0.06,72,113,0,1,30,4,7,0,48,64,0,4,0,-16
2026-02-10T00:47:35.397Z,2026-02-08,US,https://www.edgenyc.com/es/news/discover-the-best-winter-activities-in-nyc-this-season/,0,2,0,0,0,0,0,0,0,0,0,0,0,0,-15
2026-02-10T00:47:35.397Z,2026-02-08,US,https://www.edgenyc.com/news/hudson-yards-newest-eateries/,0,16,1,0,4,3,0,2,0,1,0,0,0,0,-13
2026-02-10T00:47:35.397Z,2026-02-08,US,https://www.edgenyc.com/events/marquee-skydeck-loud-luxury/,0.05,61,102,0,0,11,0,7,0,0,102,0,49,0,13
2026-02-10T00:47:35.397Z,2026-02-08,US,https://www.edgenyc.com/events/marquee-skydeck-meduza%C2%B3/,0,23,7,0,0,1,0,0,0,0,2,0,0,0,-12
2026-02-10T00:47:35.397Z,2026-02-08,US,https://www.edgenyc.com/news/ten-things-to-do-this-spring-in-new-york/,0,27,13,0,0,17,0,0,0,0,13,0,0,0,-11
2026-02-10T00:47:35.397Z,2026-02-08,US,https://www.edgenyc.com/news/7-ways-to-see-the-nyc-skyline-this-summer/,0.01,60,31,0,18,13,2,0,0,18,25,0,0,0,-11
2026-02-10T00:47:35.397Z,2026-02-08,US,https://www.edgenyc.com/web-only-promo/,0.02,7,50,0,0,4,0,3,0,0,8,0,42,0,-10
2026-02-10T00:47:35.397Z,2026-02-08,US,https://www.edgenyc.com/events/marquee-skydeck-austin-millz/,0,38,6,0,0,7,1,0,0,0,6,0,0,0,-9
2026-02-10T00:47:35.397Z,2026-02-08,US,https://www.edgenyc.com/fr/news/www-edgenyc-com-news-thanksgiving-things-to-do-nyc/,0,9,0,0,0,3,0,0,0,0,0,0,0,0,-8
2026-02-10T00:47:35.397Z,2026-02-08,US,https://www.edgenyc.com/news/the-ultimate-galentines-day-nyc-itinerary/,0,2,8,0,0,2,0,0,0,0,8,0,0,0,8
2026-02-10T00:47:35.397Z,2026-02-08,US,https://www.edgenyc.com/events/4th-july/,0,280,17,0,20,33,0,4,0,12,1,0,0,0,-8
2026-02-10T00:47:35.397Z,2026-02-08,US,https://www.edgenyc.com/news/the-best-black-friday-deals-in-nyc-for-2025/,0.04,69,75,0,12,29,0,8,0,27,52,0,8,0,8
2026-02-10T00:47:35.397Z,2026-02-08,US,https://www.edgenyc.com/tri-state-savings-at-edge/,0,24,6,0,1,2,1,1,0,0,0,0,0,0,6
2026-02-10T00:47:35.397Z,2026-02-08,US,https://www.edgenyc.com/things-to-do/hudson-yards-luxury-experience/,0,36,9,0,1,7,1,3,0,0,9,0,0,0,6
2026-02-10T00:47:35.397Z,2026-02-08,US,https://www.edgenyc.com/events/marquee-skydeck-layton-giordani/,0,31,13,0,1,6,1,0,0,5,11,0,0,0,6
2026-02-10T00:47:35.397Z,2026-02-08,US,https://www.edgenyc.com/events/marquee-skydeck-benny-banassi/,0.01,31,22,0,0,6,0,1,0,0,22,0,4,0,-6
2026-02-10T00:47:35.397Z,2026-02-08,US,https://www.edgenyc.com/events/marquee-skydeck-diplo/,0.01,43,24,0,1,9,0,1,0,3,24,0,0,0,6
2026-02-10T00:47:35.397Z,2026-02-08,US,https://www.edgenyc.com/events/marquee-skydeck-afriqua/,0,28,0,0,0,6,1,3,0,0,0,0,0,0,-5
2026-02-10T00:47:35.397Z,2026-02-08,US,https://www.edgenyc.com/terms-conditions-hy-luxury/,0,2,5,0,0,2,0,1,0,0,5,0,0,0,5
2026-02-10T00:47:35.397Z,2026-02-08,US,https://www.edgenyc.com/news/24-hours-in-nyc-holiday-edition/,0,4,5,0,0,2,0,0,0,0,5,0,0,0,5
2026-02-10T00:47:35.397Z,2026-02-08,US,https://www.edgenyc.com/news/explore-mlk-weekend-in-nyc-history-views/,0,8,5,0,1,3,0,0,0,0,1,0,0,0,5
2026-02-10T00:47:35.397Z,2026-02-08,US,https://www.edgenyc.com/events/pinkmas-at-edge/,0,13,15,0,0,9,1,0,0,0,15,0,0,0,5
2026-02-10T00:47:35.397Z,2026-02-08,US,https://www.edgenyc.com/news/guide-to-visiting-hudson-yards-and-manhattans-west-side-with-kids/,0.01,30,26,0,3,11,3,2,0,18,16,1,0,0,5
2026-02-10T00:47:35.397Z,2026-02-08,US,https://www.edgenyc.com/es/,0.02,19,53,0,1,15,1,2,0,4,25,24,1,0,5
2026-02-10T00:47:35.397Z,2026-02-08,US,https://www.edgenyc.com/news/discover-the-best-winter-activities-in-nyc-this-season/,0,9,0,0,1,0,0,0,0,0,0,0,0,0,-4
2026-02-10T00:47:35.397Z,2026-02-08,US,https://www.edgenyc.com/events/dont-tell-comedy/,0,10,1,0,0,4,0,0,0,0,1,0,0,0,-4
2026-02-10T00:47:35.397Z,2026-02-08,US,https://www.edgenyc.com/events/marquee-skydeck-chris-lake-album-release/,0,24,2,0,1,6,0,3,0,0,1,0,1,0,-4
2026-02-10T00:47:35.397Z,2026-02-08,US,https://www.edgenyc.com/news/where-to-eat-at-hudson-yards-a-locals-guide/,0,71,5,0,21,3,2,1,0,4,0,0,0,0,4
2026-02-10T00:47:35.397Z,2026-02-08,US,https://www.edgenyc.com/es/news/10-things-to-do-in-nyc-for-the-holidays/,0,2,0,0,0,1,0,0,0,0,0,0,0,0,-3
2026-02-10T00:47:35.397Z,2026-02-08,US,https://www.edgenyc.com/events/bob-moses-at-marquee-skydeck/,0,28,2,0,0,8,1,3,0,0,2,0,0,0,-3
2026-02-10T00:47:35.397Z,2026-02-08,US,https://www.edgenyc.com/news/top-things-to-do-during-nyc-must-see-week/,0,6,3,0,3,2,0,0,0,2,1,0,0,0,3
2026-02-10T00:47:35.397Z,2026-02-08,US,https://www.edgenyc.com/events/marquee-skydeck-alok/,0,12,3,0,0,1,0,0,0,0,3,0,0,0,3
2026-02-10T00:47:35.397Z,2026-02-08,US,https://www.edgenyc.com/events/marquee-skydeck-lee-burridge/,0,13,4,0,0,3,1,0,0,0,4,0,0,0,3
2026-02-10T00:47:35.397Z,2026-02-08,US,https://www.edgenyc.com/things-to-do/priceless-experiences/,0,53,8,0,2,8,14,6,0,0,4,4,1,0,-3
2026-02-10T00:47:35.397Z,2026-02-08,US,https://www.edgenyc.com/news/www-edgenyc-com-news-thanksgiving-things-to-do-nyc/,0,82,12,0,1,62,0,0,0,0,12,0,0,0,3
2026-02-10T00:47:35.397Z,2026-02-08,US,https://www.edgenyc.com/events/marquee-skydeck-jan-blomqvist/,0.01,86,32,0,4,33,3,9,0,0,30,1,27,0,-3
2026-02-10T00:47:35.397Z,2026-02-08,US,http://edgenyc.com/,0.06,4,121,0,1,0,3,0,0,1,0,120,0,0,3
2026-02-10T00:47:35.397Z,2026-02-08,US,https://www.edgenyc.com/events/avision-at-marquee-skydeck/,0,20,0,0,0,5,0,3,0,0,0,0,0,0,-2
2026-02-10T00:47:35.397Z,2026-02-08,US,https://www.edgenyc.com/news/valentines-day-hudson-yards-guide/,0,5,0,0,0,0,0,0,0,0,0,0,0,0,-2
2026-02-10T00:47:35.397Z,2026-02-08,US,https://www.edgenyc.com/press/,0,15,1,0,3,3,0,0,0,0,0,0,0,0,-2
2026-02-10T00:47:35.397Z,2026-02-08,US,https://www.edgenyc.com/holiday-savings-at-edge/,0,11,2,0,0,5,0,5,0,0,0,0,2,0,2
2026-02-10T00:47:35.397Z,2026-02-08,US,https://www.edgenyc.com/news/nyc-instagram-spots-for-couples/,0,10,2,0,1,2,0,0,0,0,2,0,0,0,2
2026-02-10T00:47:35.397Z,2026-02-08,US,https://www.edgenyc.com/news/family-friendly-halloween-events-nyc/,0,96,3,0,8,14,0,0,0,0,3,0,0,0,-2
2026-02-10T00:47:35.397Z,2026-02-08,US,https://www.edgenyc.com/news/experience-nycs-ultimate-summer-nightlife/,0,27,3,0,1,10,2,6,0,0,3,1,0,0,2
2026-02-10T00:47:35.397Z,2026-02-08,US,https://www.edgenyc.com/es/news/veterans-day-in-nyc/,0,9,4,0,0,0,0,0,0,0,0,0,0,0,2
2026-02-10T00:47:35.397Z,2026-02-08,US,https://www.edgenyc.com/events/the-rock-and-roll-playhouse-music-of-chappell-roan-for-kids/,0,23,7,0,0,5,0,0,0,0,7,0,0,0,-2
2026-02-10T00:47:35.397Z,2026-02-08,US,https://www.edgenyc.com/events/vinyl-views/,0,81,7,0,5,11,1,4,0,4,4,0,2,0,2
2026-02-10T00:47:35.397Z,2026-02-08,US,https://www.edgenyc.com/garden-of-shadows/,0,23,7,0,0,10,5,2,0,0,6,0,0,0,-2
2026-02-10T00:47:35.397Z,2026-02-08,US,https://www.edgenyc.com/news/lawn-games-at-edge/,0,27,11,0,0,1,3,0,0,0,11,0,0,0,-2
2026-02-10T00:47:35.397Z,2026-02-08,US,https://www.edgenyc.com/events/marquee-skydeck-halloween-night/,0,61,11,0,4,3,0,0,0,0,11,0,0,0,-2
2026-02-10T00:47:35.397Z,2026-02-08,US,https://www.edgenyc.com/events/marquee-skydeck-bunt/,0,37,18,0,3,9,0,4,0,8,12,0,3,0,2
2026-02-10T00:47:35.397Z,2026-02-08,US,https://www.edgenyc.com/news/veterans-day-in-nyc/,0.01,57,25,0,0,27,0,15,0,0,25,0,13,0,2
2026-02-10T00:47:35.397Z,2026-02-08,US,https://www.edgenyc.com/nyc-marathon-deals-at-edge-vessel/,0,7,0,0,0,3,0,2,0,0,0,0,0,0,-1
2026-02-10T00:47:35.397Z,2026-02-08,US,https://www.edgenyc.com/es/news/edge-nyc-your-guide-to-the-best-views-in-nyc/,0,2,0,0,0,1,0,0,0,0,0,0,0,0,-1
2026-02-10T00:47:35.397Z,2026-02-08,US,https://www.edgenyc.com/news/tiesto-at-edge-hudson-yards/,0,5,0,0,0,3,0,3,0,0,0,0,0,0,-1
2026-02-10T00:47:35.397Z,2026-02-08,US,https://www.edgenyc.com/it/,0,5,0,0,0,0,0,1,0,0,0,0,0,0,-1
2026-02-10T00:47:35.397Z,2026-02-08,US,https://www.edgenyc.com/news/perfect-shopping-weekend-in-nyc/,0,9,0,0,0,0,1,0,0,0,0,0,0,0,-1
2026-02-10T00:47:35.397Z,2026-02-08,US,https://www.edgenyc.com/de/news/cozy-fall-date-ideas-in-nyc-with-a-view/?ref=app,0,0,0,0,0,0,0,0,0,0,0,0,0,0,-1
2026-02-10T00:47:35.397Z,2026-02-08,US,https://www.edgenyc.com/events/garden-of-shadows-evening-performances-10-7/,0,5,0,0,0,0,0,0,0,0,0,0,0,0,-1
2026-02-10T00:47:35.397Z,2026-02-08,US,https://www.edgenyc.com/events/nye-city-climb/,0,25,1,0,0,4,0,1,0,0,1,0,0,0,1
2026-02-10T00:47:35.397Z,2026-02-08,US,https://www.edgenyc.com/events/an-ark-at-the-shed/,0,2,1,0,0,1,0,0,0,0,0,0,0,0,1
2026-02-10T00:47:35.397Z,2026-02-08,US,https://www.edgenyc.com/de/get-tickets/,0,1,1,0,0,1,1,0,0,0,1,1,0,0,1
2026-02-10T00:47:35.397Z,2026-02-08,US,https://www.edgenyc.com/news/experience-summer-at-hudson-yards-your-guide-to-backyard-at-hudson-yards/,0,21,1,0,0,7,1,2,0,0,1,0,0,0,-1
2026-02-10T00:47:35.397Z,2026-02-08,US,https://www.edgenyc.com/events/matt-martinez-x-trangaz-at-marquee-skydeck/,0,3,1,0,0,1,0,0,0,0,1,0,0,0,1
2026-02-10T00:47:35.397Z,2026-02-08,US,https://www.edgenyc.com/it/winter-savings-at-edge/,0,3,1,0,0,1,0,2,0,0,0,0,1,0,1
2026-02-10T00:47:35.397Z,2026-02-08,US,https://www.edgenyc.com/fr/news/hudson-yards-newest-eateries/,0,17,1,0,2,5,3,2,0,0,1,0,0,0,1
2026-02-10T00:47:35.397Z,2026-02-08,US,https://www.edgenyc.com/de/news/edge-nyc-your-guide-to-the-best-views-in-nyc/,0,2,1,0,2,1,0,0,0,1,1,0,0,0,1
2026-02-10T00:47:35.397Z,2026-02-08,US,https://www.edgenyc.com/priority-access-ticket/,0,18,1,0,3,6,3,4,0,0,1,0,0,0,1
2026-02-10T00:47:35.397Z,2026-02-08,US,https://www.edgenyc.com/es/news/group-birthday-ideas-nyc/,0,4,2,0,3,0,0,0,0,2,0,0,0,0,1
2026-02-10T00:47:35.397Z,2026-02-08,US,https://www.edgenyc.com/fr/news/veterans-day-in-nyc/,0,2,6,0,0,2,0,0,0,0,6,0,0,0,1
2026-02-10T00:47:35.397Z,2026-02-08,US,https://www.edgenyc.com/news/best-place-to-propose-in-nyc/,0,25,11,0,2,4,0,0,0,4,7,0,0,0,1
2026-02-10T00:47:35.397Z,2026-02-08,US,https://www.edgenyc.com/events/adriatique-live-at-marquee-skydeck-edge-nyc/,0.06,39,121,0,5,10,1,4,0,72,117,0,42,0,-1
2026-02-10T00:47:35.397Z,2026-02-08,US,https://reachforthesky.edgenyc.com/pdfs/HY-Edge-Reach-EdGuide-Immersive.pdf,0,1,0,0,0,0,0,0,0,0,0,0,0,0,0
2026-02-10T00:47:35.397Z,2026-02-08,US,https://www.edgenyc.com/news/rock-roll-playhouse-at-edge/,0,5,0,0,0,0,0,0,0,0,0,0,0,0,0
2026-02-10T00:47:35.397Z,2026-02-08,US,https://www.edgenyc.com/it/news/sky-high-yoga/,0,1,0,0,0,1,0,0,0,0,0,0,0,0,0
2026-02-10T00:47:35.397Z,2026-02-08,US,https://www.edgenyc.com/events/marquee-skydeck-luciano/,0,22,0,0,0,3,0,2,0,0,0,0,0,0,0
2026-02-10T00:47:35.397Z,2026-02-08,US,https://www.edgenyc.com/world-photography-day-terms-conditions/,0,1,0,0,0,0,0,0,0,0,0,0,0,0,0
2026-02-10T00:47:35.397Z,2026-02-08,US,https://www.edgenyc.com/news/celebrate-mothers-day-at-edge-hudson-yards/,0,1,0,0,0,0,0,0,0,0,0,0,0,0,0
2026-02-10T00:47:35.397Z,2026-02-08,US,https://www.edgenyc.com/de/news/unique-things-to-do-in-nyc/,0,2,0,0,0,1,0,0,0,0,0,0,0,0,0
2026-02-10T00:47:35.397Z,2026-02-08,US,https://www.edgenyc.com/de/news/winter-activities-in-nyc-with-kids-family-friendly-fun-for-cold-days/,0,2,0,0,1,1,0,0,0,0,0,0,0,0,0
2026-02-10T00:47:35.397Z,2026-02-08,US,https://www.edgenyc.com/news/iconic-moments-at-edge-the-weeknd-mtv-vmas-performance/,0,19,0,0,0,2,0,2,0,0,0,0,0,0,0
2026-02-10T00:47:35.397Z,2026-02-08,US,https://www.edgenyc.com/news/world-photography-day-at-edge/,0,5,0,0,0,2,0,0,0,0,0,0,0,0,0
2026-02-10T00:47:35.397Z,2026-02-08,US,https://www.edgenyc.com/fr/news/experience-nycs-ultimate-summer-nightlife/,0,2,0,0,0,0,0,0,0,0,0,0,0,0,0
2026-02-10T00:47:35.397Z,2026-02-08,US,https://www.edgenyc.com/news/winter-season-in-nyc-cozy-festive-and-full-of-views/,0,6,0,0,0,0,0,0,0,0,0,0,0,0,0
2026-02-10T00:47:35.397Z,2026-02-08,US,https://www.edgenyc.com/es/news/ten-things-to-do-this-spring-in-new-york/,0,1,0,0,0,0,0,0,0,0,0,0,0,0,0
2026-02-10T00:47:35.397Z,2026-02-08,US,https://www.edgenyc.com/fr/holiday-savings-at-edge/,0,1,0,0,0,1,0,0,0,0,0,0,0,0,0
2026-02-10T00:47:35.397Z,2026-02-08,US,https://www.edgenyc.com/fr/things-to-do/eat-drink/,0,0,0,0,0,0,0,0,0,0,0,0,0,0,0
2026-02-10T00:47:35.397Z,2026-02-08,US,https://www.edgenyc.com/it/news/best-fall-outdoor-workouts-in-nyc/,0,1,0,0,0,0,0,0,0,0,0,0,0,0,0
2026-02-10T00:47:35.397Z,2026-02-08,US,https://www.edgenyc.com/fr/museum-of-ice-cream-pinkmas/,0,1,0,0,0,0,0,1,0,0,0,0,0,0,0
2026-02-10T00:47:35.397Z,2026-02-08,US,https://www.edgenyc.com/fr/general-admission-ticket-edge/,0,1,0,0,0,0,0,0,0,0,0,0,0,0,0
2026-02-10T00:47:35.397Z,2026-02-08,US,https://www.edgenyc.com/pt/news/winter-activities-in-nyc-with-kids-family-friendly-fun-for-cold-days/,0,1,0,0,0,0,0,0,0,0,0,0,0,0,0
2026-02-10T00:47:35.397Z,2026-02-08,US,https://www.edgenyc.com/valentines-day-savings-at-edge/,0,2,0,0,0,0,0,0,0,0,0,0,0,0,0
2026-02-10T00:47:35.397Z,2026-02-08,US,https://www.edgenyc.com/events/alan-salomon-at-marquee-skydeck/,0,4,0,0,0,1,1,1,0,0,0,0,0,0,0
2026-02-10T00:47:35.397Z,2026-02-08,US,https://www.edgenyc.com/es/news/anime-nyc-at-hudson-yards/,0,1,0,0,0,0,0,0,0,0,0,0,0,0,0
2026-02-10T00:47:35.397Z,2026-02-08,US,https://www.edgenyc.com/tickets/vessel-admission-tickets/,0,17,0,0,0,0,5,0,0,0,0,0,0,0,0
2026-02-10T00:47:35.397Z,2026-02-08,US,https://www.edgenyc.com/fr/general-admission-ticket/,0,1,0,0,0,0,0,0,0,0,0,0,0,0,0
2026-02-10T00:47:35.397Z,2026-02-08,US,https://www.edgenyc.com/nyc-comic-weekend-near-javits/,0,3,0,0,0,1,0,2,0,0,0,0,0,0,0
2026-02-10T00:47:35.397Z,2026-02-08,US,https://www.edgenyc.com/fr/black-friday-savings-edge/,0,5,0,0,0,2,0,5,0,0,0,0,0,0,0
2026-02-10T00:47:35.397Z,2026-02-08,US,https://www.edgenyc.com/lunar-new-year-savings-at-edge/,0,1,0,0,0,0,0,0,0,0,0,0,0,0,0
2026-02-10T00:47:35.397Z,2026-02-08,US,https://www.edgenyc.com/de/news/celebrate-cinco-de-mayo-at-edge/,0,0,0,0,0,0,0,0,0,0,0,0,0,0,0
2026-02-10T00:47:35.397Z,2026-02-08,US,https://www.edgenyc.com/es/events/pinkmas-at-edge/,0,1,0,0,0,0,0,0,0,0,0,0,0,0,0
2026-02-10T00:47:35.397Z,2026-02-08,US,https://www.edgenyc.com/tickets/dont-tell-comedy/,0,7,0,0,0,0,0,0,0,0,0,0,0,0,0
2026-02-10T00:47:35.397Z,2026-02-08,US,https://www.edgenyc.com/tickets/candlelight-evenings-at-edge-mastercard/,0,4,0,0,0,0,0,0,0,0,0,0,0,0,0
2026-02-10T00:47:35.397Z,2026-02-08,US,https://www.edgenyc.com/de/news/jlo-michael-b-jordan-coach-campaign-edge/,0,0,0,0,0,0,0,0,0,0,0,0,0,0,0
2026-02-10T00:47:35.397Z,2026-02-08,US,https://www.edgenyc.com/edge-nyc-new-test/?ref=nycpro.io,0,2,0,0,0,0,0,0,0,0,0,0,0,0,0
2026-02-10T00:47:35.397Z,2026-02-08,US,https://www.edgenyc.com/sitemap/,0,1,0,0,0,0,0,0,0,0,0,0,0,0,0
2026-02-10T00:47:35.397Z,2026-02-08,US,https://www.edgenyc.com/de/news/best-places-for-cocktails-with-a-view-in-nyc/,0,1,0,0,0,0,0,0,0,0,0,0,0,0,0
2026-02-10T00:47:35.397Z,2026-02-08,US,https://www.edgenyc.com/events/music-of-taylor-swift-for-kids-the-rock-and-roll-playhouse/,0,6,0,0,0,2,0,0,0,0,0,0,0,0,0
2026-02-10T00:47:35.397Z,2026-02-08,US,https://www.edgenyc.com/events/marquee-skydeck-hank-x-ms-mada/,0,7,0,0,0,0,0,0,0,0,0,0,0,0,0
2026-02-10T00:47:35.397Z,2026-02-08,US,https://www.edgenyc.com/it/lawn-games/,0,3,0,0,1,0,1,0,0,0,0,0,0,0,0
2026-02-10T00:47:35.397Z,2026-02-08,US,https://www.edgenyc.com/it/things-to-do/eat-drink/,0,2,0,0,2,0,0,0,0,0,0,0,0,0,0
2026-02-10T00:47:35.397Z,2026-02-08,US,https://www.edgenyc.com/pt/get-tickets/,0,2,0,0,0,0,0,0,0,0,0,0,0,0,0
2026-02-10T00:47:35.397Z,2026-02-08,US,https://www.edgenyc.com/fr/events/adriatique-live-at-marquee-skydeck-edge-nyc/,0,1,0,0,0,0,0,0,0,0,0,0,0,0,0
2026-02-10T00:47:35.397Z,2026-02-08,US,https://www.edgenyc.com/events/marquee-skydeck-cassy/,0,3,0,0,0,1,0,0,0,0,0,0,0,0,0
2026-02-10T00:47:35.397Z,2026-02-08,US,https://www.edgenyc.com/news/10-things-to-do-in-nyc-for-the-holidays/,0,6,0,0,0,1,0,0,0,0,0,0,0,0,0
2026-02-10T00:47:35.397Z,2026-02-08,US,https://www.edgenyc.com/de/news/sky-high-tennis-at-edge-where-nycs-skyline-meets-match-point/,0,0,0,0,0,0,0,0,0,0,0,0,0,0,0
2026-02-10T00:47:35.397Z,2026-02-08,US,https://www.edgenyc.com/de/news/top-indoor-activities-for-a-winter-day-in-nyc/,0,0,0,0,0,0,0,0,0,0,0,0,0,0,0
2026-02-10T00:47:35.397Z,2026-02-08,US,https://www.edgenyc.com/news/edge-nyc-celebrates-5-incredible-years-a-look-back-at-unforgettable-moments/,0,1,0,0,0,0,0,0,0,0,0,0,0,0,0
2026-02-10T00:47:35.397Z,2026-02-08,US,https://www.edgenyc.com/it/news/winter-date-ideas-nyc/,0,1,0,0,0,0,0,0,0,0,0,0,0,0,0
2026-02-10T00:47:35.397Z,2026-02-08,US,https://www.edgenyc.com/es/news/explore-mlk-weekend-in-nyc-history-views/,0,1,0,0,0,0,0,0,0,0,0,0,0,0,0
2026-02-10T00:47:35.397Z,2026-02-08,US,https://www.edgenyc.com/events/shine-bright-at-hudson-yards/,0,22,0,0,1,8,0,4,0,0,0,0,0,0,0
2026-02-10T00:47:35.397Z,2026-02-08,US,https://www.edgenyc.com/pt/news/your-summer-itinerary-at-hudson-yards/,0,0,0,0,0,0,0,0,0,0,0,0,0,0,0
2026-02-10T00:47:35.397Z,2026-02-08,US,https://www.edgenyc.com/pt/events/adriatique-live-at-marquee-skydeck-edge-nyc/,0,1,0,0,0,0,1,0,0,0,0,0,0,0,0
2026-02-10T00:47:35.397Z,2026-02-08,US,https://www.edgenyc.com/es/tri-state-savings-at-edge/,0,1,0,0,0,0,0,0,0,0,0,0,0,0,0
2026-02-10T00:47:35.397Z,2026-02-08,US,https://www.edgenyc.com/bogo-edge-tickets-edgeskyline/,0,6,0,0,0,0,1,2,0,0,0,0,0,0,0
2026-02-10T00:47:35.397Z,2026-02-08,US,https://www.edgenyc.com/events/music-of-the-beatles-for-kids-the-rock-roll-playhouse/,0,3,0,0,0,1,0,0,0,0,0,0,0,0,0
2026-02-10T00:47:35.397Z,2026-02-08,US,https://www.edgenyc.com/pt/faqs/,0,9,0,0,1,6,2,4,0,0,0,0,0,0,0
2026-02-10T00:47:35.397Z,2026-02-08,US,https://www.edgenyc.com/es/news/iconic-moments-at-edge-jlo-and-malumas-pa-ti-music-video/,0,3,0,0,0,0,0,0,0,0,0,0,0,0,0
2026-02-10T00:47:35.397Z,2026-02-08,US,https://www.edgenyc.com/es/news/live-music-events-at-hudson-yards/,0,2,0,0,0,0,0,0,0,0,0,0,0,0,0
2026-02-10T00:47:35.397Z,2026-02-08,US,https://www.edgenyc.com/events/marquee-skydeck-josh-baker/,0,5,0,0,1,3,0,1,0,0,0,0,0,0,0
2026-02-10T00:47:35.397Z,2026-02-08,US,https://www.edgenyc.com/es/things-to-do/eat-drink/,0,3,0,0,2,1,0,0,0,0,0,0,0,0,0
2026-02-10T00:47:35.397Z,2026-02-08,US,https://www.edgenyc.com/winter-savings-at-edge/,0,1,0,0,0,1,0,0,0,0,0,0,0,0,0
2026-02-10T00:47:35.397Z,2026-02-08,US,https://www.edgenyc.com/es/city-climb/,0,1,0,0,0,0,0,0,0,0,0,0,0,0,0
2026-02-10T00:47:35.397Z,2026-02-08,US,https://www.edgenyc.com/fr/news/iconic-moments-at-edge-jlo-and-malumas-pa-ti-music-video/,0,1,0,0,0,0,0,0,0,0,0,0,0,0,0
2026-02-10T00:47:35.397Z,2026-02-08,US,https://www.edgenyc.com/es/museum-of-ice-cream-pinkmas/,0,1,0,0,0,0,0,0,0,0,0,0,0,0,0
2026-02-10T00:47:35.397Z,2026-02-08,US,https://www.edgenyc.com/it/advance-saver-ticket/,0,1,0,0,0,0,0,1,0,0,0,0,0,0,0
2026-02-10T00:47:35.397Z,2026-02-08,US,https://www.edgenyc.com/es/news/unique-things-to-do-in-nyc/,0,1,0,0,1,1,0,0,0,0,0,0,0,0,0
2026-02-10T00:47:35.397Z,2026-02-08,US,https://www.edgenyc.com/it/offers-discounts/?ref=conntrip.com,0,0,0,0,0,0,0,0,0,0,0,0,0,0,0
2026-02-10T00:47:35.397Z,2026-02-08,US,https://www.edgenyc.com/fr/news/sky-high-yoga/,0,8,0,0,0,2,0,0,0,0,0,0,0,0,0
2026-02-10T00:47:35.397Z,2026-02-08,US,https://www.edgenyc.com/news/girls-day-out-nyc/,0,3,0,0,0,0,0,0,0,0,0,0,0,0,0
2026-02-10T00:47:35.397Z,2026-02-08,US,https://www.edgenyc.com/it/news/tiesto-at-edge-hudson-yards/,0,0,0,0,0,0,0,0,0,0,0,0,0,0,0
2026-02-10T00:47:35.397Z,2026-02-08,US,https://www.edgenyc.com/events/marquee-skydeck-joezi/,0,27,0,0,0,4,1,1,0,0,0,0,0,0,0
2026-02-10T00:47:35.397Z,2026-02-08,US,https://www.edgenyc.com/news/your-summer-itinerary-at-hudson-yards/,0,3,0,0,1,0,0,0,0,0,0,0,0,0,0
2026-02-10T00:47:35.397Z,2026-02-08,US,https://www.edgenyc.com/news/5-thrill-seeking-experiences-in-nyc/,0,23,0,0,5,6,0,1,0,0,0,0,0,0,0
2026-02-10T00:47:35.397Z,2026-02-08,US,https://www.edgenyc.com/fr/tickets/vessel-admission-tickets/,0,1,0,0,0,0,0,0,0,0,0,0,0,0,0
2026-02-10T00:47:35.397Z,2026-02-08,US,https://www.edgenyc.com/it/news/hudson-yards-newest-eateries/,0,0,0,0,0,0,0,0,0,0,0,0,0,0,0
2026-02-10T00:47:35.397Z,2026-02-08,US,https://www.edgenyc.com/es/news/experience-summer-at-hudson-yards-your-guide-to-backyard-at-hudson-yards/,0,0,0,0,0,0,0,0,0,0,0,0,0,0,0
2026-02-10T00:47:35.397Z,2026-02-08,US,https://www.edgenyc.com/pt/news/veterans-day-in-nyc/,0,1,0,0,0,1,0,1,0,0,0,0,0,0,0
2026-02-10T00:47:35.397Z,2026-02-08,US,https://www.edgenyc.com/news/see-nyc-sparkle-nightlife-at-hudson-yards/,0,5,0,0,0,0,0,1,0,0,0,0,0,0,0
2026-02-10T00:47:35.397Z,2026-02-08,US,https://www.edgenyc.com/events/pride-shows/,0,16,0,0,1,2,0,0,0,0,0,0,0,0,0
2026-02-10T00:47:35.397Z,2026-02-08,US,https://www.edgenyc.com/es/news/see-nyc-sparkle-nightlife-at-hudson-yards/,0,0,0,0,0,0,0,0,0,0,0,0,0,0,0
2026-02-10T00:47:35.397Z,2026-02-08,US,https://www.edgenyc.com/es/visit/getting-here/,0,1,0,0,0,1,0,0,0,0,0,0,0,0,0
2026-02-10T00:47:35.397Z,2026-02-08,US,https://edgenyc.com/en/buy-tickets?SUBPUID=ES_yb_200220_viajeany&cmp=ES_yb_200220_viajeany&data1=ES_yb_200220_viajeany&sid=ES_yb_200220_viajeany&tid1=ES_yb_200220_viajeany,0,1,0,0,0,0,0,0,0,0,0,0,0,0,0
2026-02-10T00:47:35.397Z,2026-02-08,US,https://www.edgenyc.com/pt/news/sky-high-yoga/,0,1,0,0,0,1,0,1,0,0,0,0,0,0,0
2026-02-10T00:47:35.397Z,2026-02-08,US,https://www.edgenyc.com/news/celebrate-fathers-day-in-style-at-edge-hudson-yards/,0,3,0,0,0,0,0,0,0,0,0,0,0,0,0
2026-02-10T00:47:35.397Z,2026-02-08,US,https://www.edgenyc.com/pt/news/nyc-senior-friendly-itinerary/,0,2,0,0,0,0,0,0,0,0,0,0,0,0,0
2026-02-10T00:47:35.397Z,2026-02-08,US,https://www.edgenyc.com/it/news/www-edgenyc-com-news-thanksgiving-things-to-do-nyc/,0,3,0,0,0,0,0,0,0,0,0,0,0,0,0
2026-02-10T00:47:35.397Z,2026-02-08,US,https://www.edgenyc.com/it/things-to-do/hudson-yards-luxury-experience/,0,0,0,0,0,0,0,0,0,0,0,0,0,0,0
2026-02-10T00:47:35.397Z,2026-02-08,US,https://www.edgenyc.com/fr/garden-of-shadows/,0,2,0,0,0,0,0,0,0,0,0,0,0,0,0
2026-02-10T00:47:35.397Z,2026-02-08,US,https://www.edgenyc.com/pt/news/ten-things-to-do-this-spring-in-new-york/,0,1,0,0,0,0,0,0,0,0,0,0,0,0,0
2026-02-10T00:47:35.397Z,2026-02-08,US,https://www.edgenyc.com/es/tickets/vessel-admission-tickets/,0,1,0,0,0,0,1,0,0,0,0,0,0,0,0
2026-02-10T00:47:35.397Z,2026-02-08,US,https://www.edgenyc.com/priority-sunset-admission-ticket/,0,2,0,0,0,0,0,0,0,0,0,0,0,0,0
2026-02-10T00:47:35.397Z,2026-02-08,US,https://www.edgenyc.com/events/mastercard-early-access/,0,13,0,0,0,0,1,0,0,0,0,0,0,0,0
2026-02-10T00:47:35.397Z,2026-02-08,US,https://www.edgenyc.com/news/dua-lipa-at-edge-rolling-stone/,0,1,0,0,0,0,0,0,0,0,0,0,0,0,0
2026-02-10T00:47:35.397Z,2026-02-08,US,https://www.edgenyc.com/news/first-time-in-nyc-itinerary/,0,1,0,0,0,0,0,0,0,0,0,0,0,0,0
2026-02-10T00:47:35.397Z,2026-02-08,US,https://www.edgenyc.com/news/art-lovers-nyc-itinerary/,0,2,0,0,0,0,0,0,0,0,0,0,0,0,0
2026-02-10T00:47:35.397Z,2026-02-08,US,https://www.edgenyc.com/flex-admission-ticket/,0,8,0,0,0,1,0,0,0,0,0,0,0,0,0
2026-02-10T00:47:35.397Z,2026-02-08,US,https://www.edgenyc.com/es/events/lunar-new-year-at-hudson-yards/,0,1,0,0,0,0,0,0,0,0,0,0,0,0,0
2026-02-10T00:47:35.397Z,2026-02-08,US,https://www.edgenyc.com/es/general-admission-ticket/,0,3,0,0,0,0,0,0,0,0,0,0,0,0,0
2026-02-10T00:47:35.397Z,2026-02-08,US,https://www.edgenyc.com/it/news/5-thrill-seeking-experiences-in-nyc/,0,8,0,0,0,0,0,0,0,0,0,0,0,0,0
2026-02-10T00:47:35.397Z,2026-02-08,US,https://www.edgenyc.com/pinkmas-premium-bundles/,0,1,0,0,0,0,0,0,0,0,0,0,0,0,0
2026-02-10T00:47:35.397Z,2026-02-08,US,https://www.edgenyc.com/fr/news/the-best-black-friday-deals-in-nyc-for-2025/,0,0,0,0,0,0,0,0,0,0,0,0,0,0,0
2026-02-10T00:47:35.397Z,2026-02-08,US,https://www.edgenyc.com/news/nyc-marathon-2025-celebration/,0,12,0,0,0,0,0,0,0,0,0,0,0,0,0
2026-02-10T00:47:35.397Z,2026-02-08,US,https://www.edgenyc.com/events/garden-of-shadows-evening-performances-10-21/,0,0,0,0,0,0,0,0,0,0,0,0,0,0,0
2026-02-10T00:47:35.397Z,2026-02-08,US,https://www.edgenyc.com/mlk-weekend-offer-at-edge/,0,1,0,0,0,0,0,0,0,0,0,0,0,0,0
2026-02-10T00:47:35.397Z,2026-02-08,US,https://www.edgenyc.com/it/general-admission-ticket-edge/,0,1,0,0,0,0,0,0,0,0,0,0,0,0,0
2026-02-10T00:47:35.397Z,2026-02-08,US,https://www.edgenyc.com/premium-champagne-bundle/,0,1,0,0,0,0,0,0,0,0,0,0,0,0,0
2026-02-10T00:47:35.397Z,2026-02-08,US,https://www.edgenyc.com/news/experience-the-world-cup-2026-in-nyc/,0,5,0,0,0,2,0,0,0,0,0,0,0,0,0
2026-02-10T00:47:35.397Z,2026-02-08,US,https://www.edgenyc.com/it/visit/passes/,0,2,0,0,0,1,0,0,0,0,0,0,0,0,0
2026-02-10T00:47:35.397Z,2026-02-08,US,https://www.edgenyc.com/news/justin-bieber-performance-edge-nyc/,0,12,0,0,0,2,0,1,0,0,0,0,0,0,0
2026-02-10T00:47:35.397Z,2026-02-08,US,https://www.edgenyc.com/events/marquee-skydeck-david-berries-x-pablo-romero/,0,2,0,0,0,0,0,0,0,0,0,0,0,0,0
2026-02-10T00:47:35.397Z,2026-02-08,US,https://www.edgenyc.com/es/news/art-lovers-nyc-itinerary/,0,1,0,0,0,0,0,0,0,0,0,0,0,0,0
2026-02-10T00:47:35.397Z,2026-02-08,US,https://www.edgenyc.com/events/garden-of-shadows-family-performances-10-26/,0,1,0,0,0,0,0,0,0,0,0,0,0,0,0
2026-02-10T00:47:35.397Z,2026-02-08,US,https://www.edgenyc.com/es/events/bob-moses-at-marquee-skydeck/,0,1,0,0,0,0,0,0,0,0,0,0,0,0,0
2026-02-10T00:47:35.397Z,2026-02-08,US,https://www.edgenyc.com/it/news/ten-things-to-do-this-spring-in-new-york/,0,1,0,0,0,0,0,0,0,0,0,0,0,0,0
2026-02-10T00:47:35.397Z,2026-02-08,US,https://www.edgenyc.com/es/news/most-romantic-view-in-nyc/,0,0,0,0,0,0,0,0,0,0,0,0,0,0,0
2026-02-10T00:47:35.397Z,2026-02-08,US,https://www.edgenyc.com/champagne-admission-ticket/,0,2,0,0,0,0,0,0,0,0,0,0,0,0,0
2026-02-10T00:47:35.397Z,2026-02-08,US,https://www.edgenyc.com/it/news/perfect-shopping-weekend-in-nyc/,0,0,0,0,0,0,0,0,0,0,0,0,0,0,0
2026-02-10T00:47:35.397Z,2026-02-08,US,https://www.edgenyc.com/news/best-fall-outdoor-workouts-in-nyc/,0,3,0,0,0,1,0,1,0,0,0,0,0,0,0
2026-02-10T00:47:35.397Z,2026-02-08,US,https://www.edgenyc.com/pt/news/best-places-for-cocktails-with-a-view-in-nyc/,0,1,0,0,0,0,0,0,0,0,0,0,0,0,0
2026-02-10T00:47:35.397Z,2026-02-08,US,https://www.edgenyc.com/es/news/the-best-things-to-do-on-the-west-side-of-manhattan-this-summer/,0,1,0,0,0,0,0,0,0,0,0,0,0,0,0
2026-02-10T00:47:35.397Z,2026-02-08,US,https://www.edgenyc.com/it/news/best-places-for-cocktails-with-a-view-in-nyc/,0,1,0,0,0,0,0,0,0,0,0,0,0,0,0
2026-02-10T00:47:35.397Z,2026-02-08,US,https://www.edgenyc.com/pt/news/5-thrill-seeking-experiences-in-nyc/,0,0,0,0,0,0,0,0,0,0,0,0,0,0,0
2026-02-10T00:47:35.397Z,2026-02-08,US,https://www.edgenyc.com/fr/news/nyc-senior-friendly-itinerary/,0,0,0,0,0,0,0,0,0,0,0,0,0,0,0
2026-02-10T00:47:35.397Z,2026-02-08,US,https://www.edgenyc.com/lunar-new-year-savings-at-edge/?ref=nycpro.io,0,2,0,0,0,0,0,0,0,0,0,0,0,0,0
2026-02-10T00:47:35.397Z,2026-02-08,US,https://www.edgenyc.com/news/things-to-do-in-nyc-this-month/,0,1,0,0,0,0,0,0,0,0,0,0,0,0,0
2026-02-10T00:47:35.397Z,2026-02-08,US,https://www.edgenyc.com/news/a-couples-guide-to-date-night-at-hudson-yards/,0,2,0,0,0,1,0,0,0,0,0,0,0,0,0
2026-02-10T00:47:35.397Z,2026-02-08,US,https://www.edgenyc.com/news/things-to-do-new-york-comic-con/,0,15,0,0,1,1,0,0,0,0,0,0,0,0,0
2026-02-10T00:47:35.397Z,2026-02-08,US,https://www.edgenyc.com/it/news/anime-nyc-at-hudson-yards/,0,1,0,0,0,0,0,1,0,0,0,0,0,0,0
2026-02-10T00:47:35.397Z,2026-02-08,US,https://www.edgenyc.com/it/black-friday-savings-edge/,0,1,0,0,0,0,0,0,0,0,0,0,0,0,0
2026-02-10T00:47:35.397Z,2026-02-08,US,https://www.edgenyc.com/election-day-offer-at-edge-vessel/,0,6,0,0,0,0,0,0,0,0,0,0,0,0,0
2026-02-10T00:47:35.397Z,2026-02-08,US,https://www.edgenyc.com/tickets/4112/,0,2,0,0,0,0,0,0,0,0,0,0,0,0,0
2026-02-10T00:47:35.397Z,2026-02-08,US,https://www.edgenyc.com/es/lawn-games/,0,1,0,0,0,0,0,0,0,0,0,0,0,0,0
2026-02-10T00:47:35.397Z,2026-02-08,US,https://www.edgenyc.com/es/news/group-travel-nyc/,0,1,0,0,0,0,0,0,0,0,0,0,0,0,0
2026-02-10T00:47:35.397Z,2026-02-08,US,https://www.edgenyc.com/es/news/where-to-eat-at-hudson-yards-a-locals-guide/,0,1,0,0,0,0,0,0,0,0,0,0,0,0,0
2026-02-10T00:47:35.397Z,2026-02-08,US,https://www.edgenyc.com/fr/news/best-places-for-cocktails-with-a-view-in-nyc/,0,1,0,0,0,0,0,0,0,0,0,0,0,0,0
2026-02-10T00:47:35.397Z,2026-02-08,US,https://www.edgenyc.com/es/news/top-indoor-activities-for-a-winter-day-in-nyc/,0,0,0,0,0,0,0,0,0,0,0,0,0,0,0
2026-02-10T00:47:35.397Z,2026-02-08,US,https://www.edgenyc.com/news/group-travel-nyc/,0,1,0,0,0,1,0,0,0,0,0,0,0,0,0
2026-02-10T00:47:35.397Z,2026-02-08,US,https://www.edgenyc.com/events/mary-jane-live-at-marquee-skydeck/,0,24,0,0,2,4,0,1,0,0,0,0,0,0,0
2026-02-10T00:47:35.397Z,2026-02-08,US,https://www.edgenyc.com/de/news/sky-high-yoga/,0,10,0,0,0,4,0,2,0,0,0,0,0,0,0
2026-02-10T00:47:35.397Z,2026-02-08,US,https://www.edgenyc.com/es/news/guide-to-visiting-hudson-yards-and-manhattans-west-side-with-kids/,0,0,0,0,0,0,0,0,0,0,0,0,0,0,0
2026-02-10T00:47:35.397Z,2026-02-08,US,https://www.edgenyc.com/news/nyc-must-see-week-2-for-1-edge-nyc-tickets/,0,2,0,0,0,2,0,1,0,0,0,0,0,0,0
2026-02-10T00:47:35.397Z,2026-02-08,US,https://www.edgenyc.com/it/news/iconic-moments-at-edge-jlo-and-malumas-pa-ti-music-video/,0,1,0,0,0,1,0,1,0,0,0,0,0,0,0
2026-02-10T00:47:35.397Z,2026-02-08,US,https://www.edgenyc.com/news/the-best-things-to-do-on-the-west-side-of-manhattan-this-summer/,0,5,0,0,0,0,0,0,0,0,0,0,0,0,0
2026-02-10T00:47:35.397Z,2026-02-08,US,https://www.edgenyc.com/pt/events/marquee-skydeck-loud-luxury/?ref=bklyner.com,0,0,0,0,0,0,0,0,0,0,0,0,0,0,0
2026-02-10T00:47:35.397Z,2026-02-08,US,https://www.edgenyc.com/news/celebrate-st-patricks-day-at-edge-nyc/,0,2,0,0,0,0,0,0,0,0,0,0,0,0,0
2026-02-10T00:47:35.397Z,2026-02-08,US,https://www.edgenyc.com/fr/news/unique-things-to-do-in-nyc/,0,2,0,0,0,0,0,0,0,0,0,0,0,0,0
2026-02-10T00:47:35.397Z,2026-02-08,US,https://www.edgenyc.com/de/events/marquee-skydeck-loud-luxury/?ref=centralparktours.net&ref=centralparktours.net,0,0,0,0,0,0,0,0,0,0,0,0,0,0,0
2026-02-10T00:47:35.397Z,2026-02-08,US,https://www.edgenyc.com/de/lawn-games/,0,1,0,0,0,1,0,0,0,0,0,0,0,0,0
2026-02-10T00:47:35.397Z,2026-02-08,US,https://www.edgenyc.com/news/an-itinerary-for-content-creators/,0,1,0,0,1,1,0,0,0,0,0,0,0,0,0
2026-02-10T00:47:35.397Z,2026-02-08,US,https://www.edgenyc.com/de/visit/getting-here/,0,1,0,0,0,0,0,0,0,0,0,0,0,0,0
2026-02-10T00:47:35.397Z,2026-02-08,US,https://www.edgenyc.com/news/nyc-fall-guide-hudson-yards/,0,1,0,0,0,0,0,0,0,0,0,0,0,0,0
2026-02-10T00:47:35.397Z,2026-02-08,US,https://www.edgenyc.com/pt/news/experience-summer-at-hudson-yards-your-guide-to-backyard-at-hudson-yards/?ref=app,0,0,0,0,0,0,0,0,0,0,0,0,0,0,0
2026-02-10T00:47:35.397Z,2026-02-08,US,https://www.edgenyc.com/es/visit/passes/,0,2,0,0,0,0,0,0,0,0,0,0,0,0,0
2026-02-10T00:47:35.397Z,2026-02-08,US,https://www.edgenyc.com/events/fleet-week-at-edge/,0,7,0,0,0,0,0,0,0,0,0,0,0,0,0
2026-02-10T00:47:35.397Z,2026-02-08,US,https://www.edgenyc.com/news/thrilling-things-to-do-nyc-hudson-yards/,0,2,0,0,0,1,0,0,0,0,0,0,0,0,0
2026-02-10T00:47:35.397Z,2026-02-08,US,https://www.edgenyc.com/it/news/7-ways-to-see-the-nyc-skyline-this-summer/,0,0,0,0,0,0,0,0,0,0,0,0,0,0,0
2026-02-10T00:47:35.397Z,2026-02-08,US,https://www.edgenyc.com/es/news/best-place-to-propose-in-nyc/,0,3,0,0,0,2,0,0,0,0,0,0,0,0,0
2026-02-10T00:47:35.397Z,2026-02-08,US,https://www.edgenyc.com/es/news/experience-nycs-ultimate-summer-nightlife/,0,1,0,0,0,0,0,0,0,0,0,0,0,0,0
2026-02-10T00:47:35.397Z,2026-02-08,US,https://www.edgenyc.com/de/museum-of-ice-cream-pinkmas/,0,1,0,0,0,0,0,0,0,0,0,0,0,0,0
2026-02-10T00:47:35.397Z,2026-02-08,US,https://www.edgenyc.com/de/visit/,0,1,0,0,0,1,1,0,0,0,0,0,0,0,0
2026-02-10T00:47:35.397Z,2026-02-08,US,https://www.edgenyc.com/news/anime-nyc-at-hudson-yards/,0,8,0,0,0,0,1,0,0,0,0,0,0,0,0
2026-02-10T00:47:35.397Z,2026-02-08,US,https://www.edgenyc.com/es/general-admission-ticket-edge/,0,2,0,0,0,0,0,0,0,0,0,0,0,0,0
2026-02-10T00:47:35.397Z,2026-02-08,US,https://www.edgenyc.com/events/1811/,0,11,0,0,0,0,0,0,0,0,0,0,0,0,0
2026-02-10T00:47:35.397Z,2026-02-08,US,https://www.edgenyc.com/de/news/things-to-do-near-javits-center-nyc/,0,2,0,0,0,0,0,0,0,0,0,0,0,0,0
2026-02-10T00:47:35.397Z,2026-02-08,US,https://www.edgenyc.com/news/iconic-moments-at-edge-bandaloop-performance-at-edge-opening-day/,0,1,0,0,0,0,0,0,0,0,0,0,0,0,0
2026-02-10T00:47:35.397Z,2026-02-08,US,https://www.edgenyc.com/fr/news/the-best-things-to-do-on-the-west-side-of-manhattan-this-summer/,0,4,0,0,0,0,0,0,0,0,0,0,0,0,0
2026-02-10T00:47:35.397Z,2026-02-08,US,https://www.edgenyc.com/es/news/the-best-black-friday-deals-in-nyc-for-2025/,0,1,0,0,0,0,0,0,0,0,0,0,0,0,0
2026-02-10T00:47:35.397Z,2026-02-08,US,https://www.edgenyc.com/news/celebrate-your-graduation-at-edge-nyc/,0,9,0,0,0,2,0,0,0,0,0,0,0,0,0
2026-02-10T00:47:35.397Z,2026-02-08,US,https://www.edgenyc.com/de/news/www-edgenyc-com-news-thanksgiving-things-to-do-nyc/,0,0,0,0,0,0,0,0,0,0,0,0,0,0,0
2026-02-10T00:47:35.397Z,2026-02-08,US,https://www.edgenyc.com/fr/yoga-pre-registration/,0,1,0,0,0,0,0,0,0,0,0,0,0,0,0
2026-02-10T00:47:35.397Z,2026-02-08,US,https://www.edgenyc.com/pt/news/www-edgenyc-com-news-thanksgiving-things-to-do-nyc/,0,2,0,0,0,0,0,0,0,0,0,0,0,0,0
2026-02-10T00:47:35.397Z,2026-02-08,US,https://www.edgenyc.com/news/most-romantic-view-in-nyc/,0,1,0,0,0,0,0,0,0,0,0,0,0,0,0
2026-02-10T00:47:35.397Z,2026-02-08,US,https://www.edgenyc.com/news/things-to-do-near-javits-center-nyc/,0,1,0,0,0,0,0,0,0,0,0,0,0,0,0
2026-02-10T00:47:35.397Z,2026-02-08,US,https://reachforthesky.edgenyc.com/,0,1,0,0,0,0,0,0,0,0,0,0,0,0,0
2026-02-10T00:47:35.397Z,2026-02-08,US,https://www.edgenyc.com/es/visit/,0,2,0,0,0,0,0,0,0,0,0,0,0,0,0
2026-02-10T00:47:35.397Z,2026-02-08,US,https://www.edgenyc.com/sunset-vip-experience/,0,1,0,0,0,0,0,0,0,0,0,0,0,0,0
2026-02-10T00:47:35.397Z,2026-02-08,US,https://www.edgenyc.com/events/garden-of-shadows-family-performances-10-5/,0,1,0,0,0,0,0,0,0,0,0,0,0,0,0
2026-02-10T00:47:35.397Z,2026-02-08,US,https://www.edgenyc.com/news/plan-your-corporate-happy-hour-at-edge-a-one-of-a-kind-experience/,0,0,0,0,0,0,0,0,0,0,0,0,0,0,0
2026-02-10T00:47:35.397Z,2026-02-08,US,https://www.edgenyc.com/es/news/www-edgenyc-com-news-thanksgiving-things-to-do-nyc/,0,0,0,0,0,0,0,0,0,0,0,0,0,0,0
2026-02-10T00:47:35.397Z,2026-02-08,US,https://www.edgenyc.com/tickets/nye-city-climb/,0,2,0,0,0,0,0,0,0,0,0,0,0,0,0
2026-02-10T00:47:35.397Z,2026-02-08,US,https://www.edgenyc.com/de/news/7-ways-to-see-the-nyc-skyline-this-summer/,0,1,0,0,0,0,0,0,0,0,0,0,0,0,0
2026-02-10T00:47:35.397Z,2026-02-08,US,https://www.edgenyc.com/halloween-weekend-deals-at-edge/,0,7,0,0,0,0,0,0,0,0,0,0,0,0,0
2026-02-10T00:47:35.397Z,2026-02-08,US,https://www.edgenyc.com/news/,0,4,0,0,0,0,0,0,0,0,0,0,0,0,0
2026-02-10T00:47:35.397Z,2026-02-08,US,https://www.edgenyc.com/back-to-school-offer-at-edge/,0,8,0,0,0,3,0,0,0,0,0,0,0,0,0
2026-02-10T00:47:35.397Z,2026-02-08,US,https://reachforthesky.edgenyc.com/about.html,0,0,0,0,0,0,0,0,0,0,0,0,0,0,0
2026-02-10T00:47:35.397Z,2026-02-08,US,https://www.edgenyc.com/it/news/lawn-games-at-edge/,0,0,0,0,0,0,0,0,0,0,0,0,0,0,0
2026-02-10T00:47:35.397Z,2026-02-08,US,https://www.edgenyc.com/pt/news/7-ways-to-see-the-nyc-skyline-this-summer/,0,0,0,0,0,0,0,0,0,0,0,0,0,0,0
2026-02-10T00:47:35.397Z,2026-02-08,US,https://www.edgenyc.com/events/garden-of-shadows-evening-performances-10-28/,0,1,0,0,0,0,0,0,0,0,0,0,0,0,0
2026-02-10T00:47:35.397Z,2026-02-08,US,https://www.edgenyc.com/events/sky-high-tennis-edge/,0,15,0,0,3,1,0,0,0,0,0,0,0,0,0
2026-02-10T00:47:35.397Z,2026-02-08,US,https://www.edgenyc.com/fr/student-discount-at-edge/,0,1,0,0,0,0,0,0,0,0,0,0,0,0,0
2026-02-10T00:47:35.397Z,2026-02-08,US,https://www.edgenyc.com/es/advance-saver-ticket/,0,1,0,0,0,1,0,0,0,0,0,0,0,0,0
2026-02-10T00:47:35.397Z,2026-02-08,US,https://www.edgenyc.com/events/garden-of-shadows-family-performances-10-19/,0,1,0,0,0,0,0,0,0,0,0,0,0,0,0
2026-02-10T00:47:35.397Z,2026-02-08,US,https://www.edgenyc.com/it/general-admission-ticket/,0,0,0,0,0,0,0,0,0,0,0,0,0,0,0
2026-02-10T00:47:35.397Z,2026-02-08,US,https://www.edgenyc.com/fr/news/perfect-shopping-weekend-in-nyc/,0,1,0,0,0,0,0,0,0,0,0,0,0,0,0
2026-02-10T00:47:35.397Z,2026-02-08,US,https://www.edgenyc.com/yoga-pre-registration/,0,11,0,0,0,3,0,2,0,0,0,0,0,0,0
2026-02-10T00:47:35.397Z,2026-02-08,US,https://www.edgenyc.com/it/priority-sunset-admission-ticket/,0,1,0,0,0,0,0,0,0,0,0,0,0,0,0
2026-02-10T00:47:35.397Z,2026-02-08,US,https://www.edgenyc.com/es/museum-of-ice-cream/,0,1,0,0,0,1,0,1,0,0,0,0,0,0,0
2026-02-10T00:47:35.397Z,2026-02-08,US,https://www.edgenyc.com/fr/news/5-thrill-seeking-experiences-in-nyc/,0,0,0,0,0,0,0,0,0,0,0,0,0,0,0
2026-02-10T00:47:35.397Z,2026-02-08,US,https://www.edgenyc.com/events/must-see-week/,0,6,0,0,0,1,0,1,0,0,0,0,0,0,0
2026-02-10T00:47:35.397Z,2026-02-08,US,https://www.edgenyc.com/fr/news/winter-season-in-nyc-cozy-festive-and-full-of-views/,0,1,0,0,1,1,0,0,0,0,0,0,0,0,0
2026-02-10T00:47:35.397Z,2026-02-08,US,https://www.edgenyc.com/tickets/advance-saver-ticket/,0,2,0,0,0,0,1,1,0,0,0,0,0,0,0
2026-02-10T00:47:35.397Z,2026-02-08,US,https://www.edgenyc.com/pt/news/top-indoor-activities-for-a-winter-day-in-nyc/,0,9,0,0,3,7,0,0,0,0,0,0,0,0,0
2026-02-10T00:47:35.397Z,2026-02-08,US,https://www.edgenyc.com/news/a-family-guide-to-visiting-edge-nyc/,0,7,0,0,2,1,0,1,0,0,0,0,0,0,0
2026-02-10T00:47:35.397Z,2026-02-08,US,https://www.edgenyc.com/events/maceo-plex-at-marquee-skydeck/,0,30,1,0,1,10,1,2,0,0,1,0,0,0,0
2026-02-10T00:47:35.397Z,2026-02-08,US,https://www.edgenyc.com/fr/news/live-music-events-at-hudson-yards/,0,9,1,0,0,6,0,2,0,0,1,0,1,0,0
2026-02-10T00:47:35.397Z,2026-02-08,US,https://www.edgenyc.com/events/marquee-skydeck-cid/,0,18,1,0,1,3,2,0,0,1,0,0,0,0,0
2026-02-10T00:47:35.397Z,2026-02-08,US,https://www.edgenyc.com/events/this-world-of-tomorrow-at-the-shed/,0,19,1,0,1,7,0,1,0,1,1,0,0,0,0
2026-02-10T00:47:35.397Z,2026-02-08,US,https://www.edgenyc.com/it/news/veterans-day-in-nyc/,0,1,1,0,0,1,0,0,0,0,1,0,0,0,0
2026-02-10T00:47:35.397Z,2026-02-08,US,https://www.edgenyc.com/events/vessel-run/,0,16,2,0,0,8,0,3,0,0,2,0,2,0,0
2026-02-10T00:47:35.397Z,2026-02-08,US,https://www.edgenyc.com/news/cozy-fall-date-ideas-in-nyc-with-a-view/,0,5,2,0,3,2,0,0,0,2,2,0,0,0,0
2026-02-10T00:47:35.397Z,2026-02-08,US,https://www.edgenyc.com/it/news/nyc-instagram-spots-for-couples/,0,1,2,0,0,1,0,0,0,0,2,0,0,0,0
2026-02-10T00:47:35.397Z,2026-02-08,US,https://www.edgenyc.com/events/vessel-lighting-ceremony/,0,24,3,0,4,9,0,1,0,3,2,0,0,0,0
2026-02-10T00:47:35.397Z,2026-02-08,US,https://www.edgenyc.com/it/news/see-nyc-sparkle-nightlife-at-hudson-yards/,0,1,3,0,0,1,0,0,0,0,3,0,0,0,0
2026-02-10T00:47:35.397Z,2026-02-08,US,https://www.edgenyc.com/news/labor-day-weekend-in-nyc-at-hudson-yards/,0,42,3,0,3,4,0,1,0,2,2,0,1,0,0
2026-02-10T00:47:35.397Z,2026-02-08,US,https://www.edgenyc.com/news/live-music-events-at-hudson-yards/,0,20,4,0,0,14,0,8,0,0,4,0,4,0,0
2026-02-10T00:47:35.397Z,2026-02-08,US,https://www.edgenyc.com/news/celebrate-july-4th-at-edge/,0,4,4,0,1,0,0,0,0,4,0,0,0,0,0
2026-02-10T00:47:35.397Z,2026-02-08,US,https://www.edgenyc.com/events/marquee-skydeck-alan-walker/,0,21,6,0,2,5,0,2,0,3,6,0,3,0,0
2026-02-10T00:47:35.397Z,2026-02-08,US,https://www.edgenyc.com/news/nyc-senior-friendly-itinerary/,0,6,6,0,0,4,0,0,0,0,6,0,0,0,0
2026-02-10T00:47:35.397Z,2026-02-08,US,https://www.edgenyc.com/es/holiday-savings-at-edge/,0,2,9,0,0,2,0,0,0,0,9,0,0,0,0
2026-02-10T00:47:35.397Z,2026-02-08,US,https://www.edgenyc.com/news/15-kid-friendly-winter-activities-in-nyc/,0,7,9,0,4,4,0,0,0,9,9,0,0,0,0
2026-02-10T00:47:35.397Z,2026-02-08,US,https://www.edgenyc.com/es/get-tickets/,0,3,10,0,0,3,0,0,0,0,10,0,0,0,0
2026-02-10T00:47:35.397Z,2026-02-08,US,https://www.edgenyc.com/news/vessel-run-at-hudson-yards/,0,7,13,0,0,2,1,2,0,0,13,0,11,0,0
2026-02-10T00:47:35.397Z,2026-02-08,US,https://www.edgenyc.com/gift-vouchers/,0.01,16,32,0,3,3,0,0,0,32,32,0,0,0,0
2026-02-10T00:47:35.397Z,2026-02-08,US,https://www.edgenyc.com/it/get-tickets/,0.02,1,56,0,0,0,0,1,0,0,0,0,56,0,0
